ano_trabalho,nivel_experiencia,tipo_emprego,cargo,salario,moeda_salario,salario_em_usd,residencia_empregado,taxa_remoto,localizacao_empresa,tamanho_empresa,residencia_empregado_iso3
2020,Pleno,FT,Data Scientist,70000,EUR,79833,DE,Presencial,,Grande,DEU
2020,Sênior,FT,Machine Learning Scientist,260000,USD,260000,JP,Presencial,,Pequena,JPN
2020,Sênior,FT,Big Data Engineer,85000,GBP,109024,GB,Híbrido,,Média,GBR
2020,Pleno,FT,Product Data Analyst,20000,USD,20000,HN,Presencial,,Pequena,HND
2020,Sênior,FT,Machine Learning Engineer,150000,USD,150000,US,Híbrido,,Grande,USA
2020,Junior,FT,Data Analyst,72000,USD,72000,US,Remoto,,Grande,USA
2020,Sênior,FT,Lead Data Scientist,190000,USD,190000,US,Remoto,,Pequena,USA
2020,Pleno,FT,Data Scientist,11000000,HUF,35735,HU,Híbrido,,Grande,HUN
2020,Pleno,FT,Business Data Analyst,135000,USD,135000,US,Remoto,,Grande,USA
2020,Sênior,FT,Lead Data Engineer,125000,USD,125000,NZ,Híbrido,,Pequena,NZL
2020,Junior,FT,Data Scientist,45000,EUR,51321,FR,Presencial,,Pequena,FRA
2020,Pleno,FT,Data Scientist,3000000,INR,40481,IN,Presencial,,Grande,IND
2020,Junior,FT,Data Scientist,35000,EUR,39916,FR,Presencial,,Média,FRA
2020,Pleno,FT,Lead Data Analyst,87000,USD,87000,US,Remoto,,Grande,USA
2020,Pleno,FT,Data Analyst,85000,USD,85000,US,Remoto,,Grande,USA
2020,Pleno,FT,Data Analyst,8000,USD,8000,PK,Híbrido,,Grande,PAK
2020,Junior,FT,Data Engineer,4450000,JPY,41689,JP,Remoto,,Pequena,JPN
2020,Sênior,FT,Big Data Engineer,100000,EUR,114047,PL,Remoto,,Pequena,POL
2020,Junior,FT,Data Science Consultant,423000,INR,5707,IN,Híbrido,,Média,IND
2020,Pleno,FT,Lead Data Engineer,56000,USD,56000,PT,Remoto,,Média,PRT
2020,Pleno,FT,Machine Learning Engineer,299000,CNY,43331,CN,Presencial,,Média,CHN
2020,Pleno,FT,Product Data Analyst,450000,INR,6072,IN,Remoto,,Grande,IND
2020,Sênior,FT,Data Engineer,42000,EUR,47899,GR,Híbrido,,Grande,GRC
2020,Pleno,FT,BI Data Analyst,98000,USD,98000,US,Presencial,,Média,USA
2020,Pleno,FT,Lead Data Scientist,115000,USD,115000,AE,Presencial,,Grande,ARE
2020,Executivo,FT,Director of Data Science,325000,USD,325000,US,Remoto,,Grande,USA
2020,Junior,FT,Research Scientist,42000,USD,42000,NL,Híbrido,,Grande,NLD
2020,Sênior,FT,Data Engineer,720000,MXN,33511,MX,Presencial,,Pequena,MEX
2020,Junior,CT,Business Data Analyst,100000,USD,100000,US,Remoto,,Grande,USA
2020,Sênior,FT,Machine Learning Manager,157000,CAD,117104,CA,Híbrido,,Grande,CAN
2020,Pleno,FT,Data Engineering Manager,51999,EUR,59303,DE,Remoto,,Pequena,DEU
2020,Junior,FT,Big Data Engineer,70000,USD,70000,US,Remoto,,Grande,USA
2020,Sênior,FT,Data Scientist,60000,EUR,68428,GR,Remoto,,Grande,GRC
2020,Pleno,FT,Research Scientist,450000,USD,450000,US,Presencial,,Média,USA
2020,Pleno,FT,Data Analyst,41000,EUR,46759,FR,Híbrido,,Grande,FRA
2020,Pleno,FT,Data Engineer,65000,EUR,74130,AT,Híbrido,,Grande,AUT
2020,Pleno,FT,Data Science Consultant,103000,USD,103000,US,Remoto,,Grande,USA
2020,Junior,FT,Machine Learning Engineer,250000,USD,250000,US,Híbrido,,Grande,USA
2020,Junior,FT,Data Analyst,10000,USD,10000,NG,Remoto,,Pequena,NGA
2020,Junior,FT,Machine Learning Engineer,138000,USD,138000,US,Remoto,,Pequena,USA
2020,Pleno,FT,Data Scientist,45760,USD,45760,PH,Remoto,,Pequena,PHL
2020,Executivo,FT,Data Engineering Manager,70000,EUR,79833,ES,Híbrido,,Grande,ESP
2020,Pleno,FT,Machine Learning Infrastructure Engineer,44000,EUR,50180,PT,Presencial,,Média,PRT
2020,Pleno,FT,Data Engineer,106000,USD,106000,US,Remoto,,Grande,USA
2020,Pleno,FT,Data Engineer,88000,GBP,112872,GB,Híbrido,,Grande,GBR
2020,Junior,PT,ML Engineer,14000,EUR,15966,DE,Remoto,,Pequena,DEU
2020,Pleno,FT,Data Scientist,60000,GBP,76958,GB,Remoto,,Pequena,GBR
2020,Sênior,FT,Data Engineer,188000,USD,188000,US,Remoto,,Grande,USA
2020,Pleno,FT,Data Scientist,105000,USD,105000,US,Remoto,,Grande,USA
2020,Pleno,FT,Data Engineer,61500,EUR,70139,FR,Híbrido,,Grande,FRA
2020,Junior,FT,Data Analyst,450000,INR,6072,IN,Presencial,,Pequena,IND
2020,Junior,FT,Data Analyst,91000,USD,91000,US,Remoto,,Grande,USA
2020,Junior,FT,AI Scientist,300000,DKK,45896,DK,Híbrido,,Pequena,DNK
2020,Junior,FT,Data Engineer,48000,EUR,54742,PK,Remoto,,Grande,PAK
2020,Sênior,FL,Computer Vision Engineer,60000,USD,60000,RU,Remoto,,Pequena,RUS
2020,Sênior,FT,Principal Data Scientist,130000,EUR,148261,DE,Remoto,,Média,DEU
2020,Pleno,FT,Data Scientist,34000,EUR,38776,ES,Remoto,,Média,ESP
2020,Pleno,FT,Data Scientist,118000,USD,118000,US,Remoto,,Média,USA
2020,Sênior,FT,Data Scientist,120000,USD,120000,US,Híbrido,,Grande,USA
2020,Pleno,FT,Data Scientist,138350,USD,138350,US,Remoto,,Média,USA
2020,Pleno,FT,Data Engineer,110000,USD,110000,US,Remoto,,Grande,USA
2020,Pleno,FT,Data Engineer,130800,USD,130800,ES,Remoto,,Média,ESP
2020,Junior,PT,Data Scientist,19000,EUR,21669,IT,Híbrido,,Pequena,ITA
2020,Sênior,FT,Data Scientist,412000,USD,412000,US,Remoto,,Grande,USA
2020,Sênior,FT,Machine Learning Engineer,40000,EUR,45618,HR,Remoto,,Pequena,HRV
2020,Junior,FT,Data Scientist,55000,EUR,62726,DE,Híbrido,,Pequena,DEU
2020,Junior,FT,Data Scientist,43200,EUR,49268,DE,Presencial,,Pequena,DEU
2020,Sênior,FT,Data Science Manager,190200,USD,190200,US,Remoto,,Média,USA
2020,Junior,FT,Data Scientist,105000,USD,105000,US,Remoto,,Pequena,USA
2020,Sênior,FT,Data Scientist,80000,EUR,91237,AT,Presencial,,Pequena,AUT
2020,Pleno,FT,Data Scientist,55000,EUR,62726,FR,Híbrido,,Pequena,FRA
2020,Pleno,FT,Data Scientist,37000,EUR,42197,FR,Híbrido,,Pequena,FRA
2021,Junior,FT,Research Scientist,60000,GBP,82528,GB,Híbrido,,Grande,GBR
2021,Executivo,FT,BI Data Analyst,150000,USD,150000,IN,Remoto,,Grande,IND
2021,Executivo,FT,Head of Data,235000,USD,235000,US,Remoto,,Grande,USA
2021,Sênior,FT,Data Scientist,45000,EUR,53192,FR,Híbrido,,Grande,FRA
2021,Pleno,FT,BI Data Analyst,100000,USD,100000,US,Remoto,,Média,USA
2021,Pleno,PT,3D Computer Vision Researcher,400000,INR,5409,IN,Híbrido,,Média,IND
2021,Pleno,CT,ML Engineer,270000,USD,270000,US,Remoto,,Grande,USA
2021,Junior,FT,Data Analyst,80000,USD,80000,US,Remoto,,Média,USA
2021,Sênior,FT,Data Analytics Engineer,67000,EUR,79197,DE,Remoto,,Grande,DEU
2021,Pleno,FT,Data Engineer,140000,USD,140000,US,Remoto,,Grande,USA
2021,Pleno,FT,Applied Data Scientist,68000,CAD,54238,GB,Híbrido,,Grande,GBR
2021,Pleno,FT,Machine Learning Engineer,40000,EUR,47282,ES,Remoto,,Pequena,ESP
2021,Executivo,FT,Director of Data Science,130000,EUR,153667,IT,Remoto,,Grande,ITA
2021,Pleno,FT,Data Engineer,110000,PLN,28476,PL,Remoto,,Grande,POL
2021,Junior,FT,Data Analyst,50000,EUR,59102,FR,Híbrido,,Média,FRA
2021,Pleno,FT,Data Analytics Engineer,110000,USD,110000,US,Remoto,,Grande,USA
2021,Sênior,FT,Lead Data Analyst,170000,USD,170000,US,Remoto,,Grande,USA
2021,Sênior,FT,Data Analyst,80000,USD,80000,BG,Remoto,,Pequena,BGR
2021,Sênior,FT,Marketing Data Analyst,75000,EUR,88654,GR,Remoto,,Grande,GRC
2021,Junior,FT,Data Science Consultant,65000,EUR,76833,DE,Remoto,,Pequena,DEU
2021,Pleno,FT,Lead Data Analyst,1450000,INR,19609,IN,Remoto,,Grande,IND
2021,Sênior,FT,Lead Data Engineer,276000,USD,276000,US,Presencial,,Grande,USA
2021,Junior,FT,Data Scientist,2200000,INR,29751,IN,Híbrido,,Grande,IND
2021,Pleno,FT,Cloud Data Engineer,120000,SGD,89294,SG,Híbrido,,Grande,SGP
2021,Junior,PT,AI Scientist,12000,USD,12000,BR,Remoto,,Pequena,BRA
2021,Pleno,FT,Financial Data Analyst,450000,USD,450000,US,Remoto,,Grande,USA
2021,Junior,FT,Computer Vision Software Engineer,70000,USD,70000,US,Remoto,,Média,USA
2021,Pleno,FT,Computer Vision Software Engineer,81000,EUR,95746,DE,Remoto,,Pequena,DEU
2021,Pleno,FT,Data Analyst,75000,USD,75000,US,Presencial,,Grande,USA
2021,Sênior,FT,Data Engineer,150000,USD,150000,US,Remoto,,Grande,USA
2021,Pleno,FT,BI Data Analyst,11000000,HUF,36259,HU,Híbrido,,Grande,HUN
2021,Pleno,FT,Data Analyst,62000,USD,62000,US,Presencial,,Grande,USA
2021,Pleno,FT,Data Scientist,73000,USD,73000,US,Presencial,,Grande,USA
2021,Pleno,FT,Data Analyst,37456,GBP,51519,GB,Híbrido,,Grande,GBR
2021,Pleno,FT,Research Scientist,235000,CAD,187442,CA,Remoto,,Grande,CAN
2021,Sênior,FT,Data Engineer,115000,USD,115000,US,Remoto,,Pequena,USA
2021,Sênior,FT,Data Engineer,150000,USD,150000,US,Remoto,,Média,USA
2021,Junior,FT,Data Engineer,2250000,INR,30428,IN,Remoto,,Grande,IND
2021,Sênior,FT,Machine Learning Engineer,80000,EUR,94564,DE,Híbrido,,Grande,DEU
2021,Sênior,FT,Director of Data Engineering,82500,GBP,113476,GB,Remoto,,Média,GBR
2021,Sênior,FT,Lead Data Engineer,75000,GBP,103160,GB,Remoto,,Pequena,GBR
2021,Junior,PT,AI Scientist,12000,USD,12000,PK,Remoto,,Média,PAK
2021,Pleno,FT,Data Engineer,38400,EUR,45391,NL,Remoto,,Grande,NLD
2021,Junior,FT,Machine Learning Scientist,225000,USD,225000,US,Remoto,,Grande,USA
2021,Pleno,FT,Data Scientist,50000,USD,50000,NG,Remoto,,Grande,NGA
2021,Pleno,FT,Data Science Engineer,34000,EUR,40189,GR,Remoto,,Média,GRC
2021,Junior,FT,Data Analyst,90000,USD,90000,US,Remoto,,Pequena,USA
2021,Pleno,FT,Data Engineer,200000,USD,200000,US,Remoto,,Grande,USA
2021,Pleno,FT,Big Data Engineer,60000,USD,60000,ES,Híbrido,,Média,ESP
2021,Sênior,FT,Principal Data Engineer,200000,USD,200000,US,Remoto,,Média,USA
2021,Junior,FT,Data Analyst,50000,USD,50000,US,Remoto,,Média,USA
2021,Junior,FT,Applied Data Scientist,80000,GBP,110037,GB,Presencial,,Grande,GBR
2021,Junior,PT,Data Analyst,8760,EUR,10354,ES,Híbrido,,Média,ESP
2021,Pleno,FT,Principal Data Scientist,151000,USD,151000,US,Remoto,,Grande,USA
2021,Sênior,FT,Machine Learning Scientist,120000,USD,120000,US,Híbrido,,Pequena,USA
2021,Pleno,FT,Data Scientist,700000,INR,9466,IN,Presencial,,Pequena,IND
2021,Junior,FT,Machine Learning Engineer,20000,USD,20000,IN,Remoto,,Pequena,IND
2021,Sênior,FT,Lead Data Scientist,3000000,INR,40570,IN,Híbrido,,Grande,IND
2021,Junior,FT,Machine Learning Developer,100000,USD,100000,IQ,Híbrido,,Pequena,IRQ
2021,Junior,FT,Data Scientist,42000,EUR,49646,FR,Híbrido,,Média,FRA
2021,Pleno,FT,Applied Machine Learning Scientist,38400,USD,38400,VN,Remoto,,Média,VNM
2021,Sênior,FT,Computer Vision Engineer,24000,USD,24000,BR,Remoto,,Média,BRA
2021,Junior,FT,Data Scientist,100000,USD,100000,US,Presencial,,Pequena,USA
2021,Pleno,FT,Data Analyst,90000,USD,90000,US,Remoto,,Média,USA
2021,Pleno,FT,ML Engineer,7000000,JPY,63711,JP,Híbrido,,Pequena,JPN
2021,Pleno,FT,ML Engineer,8500000,JPY,77364,JP,Híbrido,,Pequena,JPN
2021,Sênior,FT,Principal Data Scientist,220000,USD,220000,US,Presencial,,Grande,USA
2021,Junior,FT,Data Scientist,80000,USD,80000,US,Remoto,,Média,USA
2021,Pleno,FT,Data Analyst,135000,USD,135000,US,Remoto,,Grande,USA
2021,Sênior,FT,Data Science Manager,240000,USD,240000,US,Presencial,,Grande,USA
2021,Sênior,FT,Data Engineering Manager,150000,USD,150000,US,Presencial,,Grande,USA
2021,Pleno,FT,Data Scientist,82500,USD,82500,US,Remoto,,Pequena,USA
2021,Pleno,FT,Data Engineer,100000,USD,100000,US,Remoto,,Grande,USA
2021,Sênior,FT,Machine Learning Engineer,70000,EUR,82744,BE,Híbrido,,Média,BEL
2021,Pleno,FT,Research Scientist,53000,EUR,62649,FR,Híbrido,,Média,FRA
2021,Pleno,FT,Data Engineer,90000,USD,90000,US,Remoto,,Grande,USA
2021,Sênior,FT,Data Engineering Manager,153000,USD,153000,US,Remoto,,Grande,USA
2021,Sênior,FT,Cloud Data Engineer,160000,USD,160000,BR,Remoto,,Pequena,BRA
2021,Sênior,FT,Director of Data Science,168000,USD,168000,JP,Presencial,,Pequena,JPN
2021,Pleno,FT,Data Scientist,150000,USD,150000,US,Remoto,,Média,USA
2021,Pleno,FT,Data Scientist,95000,CAD,75774,CA,Remoto,,Grande,CAN
2021,Junior,FT,Data Scientist,13400,USD,13400,UA,Remoto,,Grande,UKR
2021,Sênior,FT,Data Science Manager,144000,USD,144000,US,Remoto,,Grande,USA
2021,Sênior,FT,Data Science Engineer,159500,CAD,127221,CA,Híbrido,,Grande,CAN
2021,Pleno,FT,Data Scientist,160000,SGD,119059,SG,Remoto,,Média,SGP
2021,Pleno,FT,Applied Machine Learning Scientist,423000,USD,423000,US,Híbrido,,Grande,USA
2021,Sênior,FT,Data Analytics Manager,120000,USD,120000,US,Remoto,,Média,USA
2021,Junior,FT,Machine Learning Engineer,125000,USD,125000,US,Remoto,,Pequena,USA
2021,Executivo,FT,Head of Data,230000,USD,230000,RU,Híbrido,,Grande,RUS
2021,Executivo,FT,Head of Data Science,85000,USD,85000,RU,Presencial,,Média,RUS
2021,Pleno,FT,Data Engineer,24000,EUR,28369,MT,Híbrido,,Grande,MLT
2021,Junior,FT,Data Science Consultant,54000,EUR,63831,DE,Híbrido,,Grande,DEU
2021,Executivo,FT,Director of Data Science,110000,EUR,130026,DE,Híbrido,,Média,DEU
2021,Sênior,FT,Data Specialist,165000,USD,165000,US,Remoto,,Grande,USA
2021,Junior,FT,Data Engineer,80000,USD,80000,US,Remoto,,Grande,USA
2021,Executivo,FT,Director of Data Science,250000,USD,250000,US,Presencial,,Grande,USA
2021,Junior,FT,BI Data Analyst,55000,USD,55000,US,Híbrido,,Pequena,USA
2021,Pleno,FT,Data Architect,150000,USD,150000,US,Remoto,,Grande,USA
2021,Pleno,FT,Data Architect,170000,USD,170000,US,Remoto,,Grande,USA
2021,Pleno,FT,Data Engineer,60000,GBP,82528,GB,Remoto,,Grande,GBR
2021,Junior,FT,Data Analyst,60000,USD,60000,US,Remoto,,Pequena,USA
2021,Sênior,FT,Principal Data Scientist,235000,USD,235000,US,Remoto,,Grande,USA
2021,Sênior,FT,Research Scientist,51400,EUR,60757,PT,Híbrido,,Grande,PRT
2021,Sênior,FT,Data Engineering Manager,174000,USD,174000,US,Remoto,,Grande,USA
2021,Pleno,FT,Data Scientist,58000,MXN,2859,MX,Presencial,,Pequena,MEX
2021,Pleno,FT,Data Scientist,30400000,CLP,40038,CL,Remoto,,Grande,CHL
2021,Junior,FT,Machine Learning Engineer,81000,USD,81000,US,Híbrido,,Pequena,USA
2021,Pleno,FT,Data Scientist,420000,INR,5679,IN,Remoto,,Pequena,IND
2021,Pleno,FT,Big Data Engineer,1672000,INR,22611,IN,Presencial,,Grande,IND
2021,Pleno,FT,Data Scientist,76760,EUR,90734,DE,Híbrido,,Grande,DEU
2021,Pleno,FT,Data Engineer,22000,EUR,26005,RO,Presencial,,Grande,ROU
2021,Sênior,FT,Finance Data Analyst,45000,GBP,61896,GB,Híbrido,,Grande,GBR
2021,Pleno,FL,Machine Learning Scientist,12000,USD,12000,PK,Híbrido,,Média,PAK
2021,Pleno,FT,Data Engineer,4000,USD,4000,IR,Remoto,,Média,IRN
2021,Sênior,FT,Data Analytics Engineer,50000,USD,50000,VN,Remoto,,Média,VNM
2021,Executivo,FT,Data Science Consultant,59000,EUR,69741,FR,Remoto,,Pequena,FRA
2021,Sênior,FT,Data Engineer,65000,EUR,76833,RO,Híbrido,,Pequena,ROU
2021,Pleno,FT,Machine Learning Engineer,74000,USD,74000,JP,Híbrido,,Pequena,JPN
2021,Sênior,FT,Data Science Manager,152000,USD,152000,US,Remoto,,Grande,USA
2021,Junior,FT,Machine Learning Engineer,21844,USD,21844,CO,Híbrido,,Média,COL
2021,Pleno,FT,Big Data Engineer,18000,USD,18000,MD,Presencial,,Pequena,MDA
2021,Sênior,FT,Data Science Manager,174000,USD,174000,US,Remoto,,Grande,USA
2021,Sênior,FT,Research Scientist,120500,CAD,96113,CA,Híbrido,,Grande,CAN
2021,Pleno,FT,Data Scientist,147000,USD,147000,US,Híbrido,,Grande,USA
2021,Junior,FT,BI Data Analyst,9272,USD,9272,KE,Remoto,,Pequena,KEN
2021,Sênior,FT,Machine Learning Engineer,1799997,INR,24342,IN,Remoto,,Grande,IND
2021,Sênior,FT,Data Science Manager,4000000,INR,54094,IN,Híbrido,,Grande,IND
2021,Junior,FT,Data Science Consultant,90000,USD,90000,US,Remoto,,Pequena,USA
2021,Pleno,FT,Data Scientist,52000,EUR,61467,DE,Híbrido,,Média,DEU
2021,Sênior,FT,Machine Learning Infrastructure Engineer,195000,USD,195000,US,Remoto,,Média,USA
2021,Pleno,FT,Data Scientist,32000,EUR,37825,ES,Remoto,,Grande,ESP
2021,Sênior,FT,Research Scientist,50000,USD,50000,FR,Remoto,,Pequena,FRA
2021,Pleno,FT,Data Scientist,160000,USD,160000,US,Remoto,,Grande,USA
2021,Pleno,FT,Data Scientist,69600,BRL,12901,BR,Presencial,,Pequena,BRA
2021,Sênior,FT,Machine Learning Engineer,200000,USD,200000,US,Remoto,,Grande,USA
2021,Sênior,FT,Data Engineer,165000,USD,165000,US,Presencial,,Média,USA
2021,Pleno,FL,Data Engineer,20000,USD,20000,IT,Presencial,,Grande,ITA
2021,Sênior,FT,Data Analytics Manager,120000,USD,120000,US,Presencial,,Grande,USA
2021,Pleno,FT,Machine Learning Engineer,21000,EUR,24823,SI,Híbrido,,Grande,SVN
2021,Pleno,FT,Research Scientist,48000,EUR,56738,FR,Híbrido,,Pequena,FRA
2021,Pleno,FT,Data Engineer,48000,GBP,66022,HK,Híbrido,,Pequena,HKG
2021,Junior,FT,Big Data Engineer,435000,INR,5882,IN,Presencial,,Grande,IND
2021,Junior,FT,Machine Learning Engineer,21000,EUR,24823,DE,Híbrido,,Média,DEU
2021,Sênior,FT,Principal Data Engineer,185000,USD,185000,US,Remoto,,Grande,USA
2021,Junior,PT,Computer Vision Engineer,180000,DKK,28609,DK,Híbrido,,Pequena,DNK
2021,Pleno,FT,Data Scientist,76760,EUR,90734,DE,Híbrido,,Grande,DEU
2021,Pleno,FT,Machine Learning Engineer,75000,EUR,88654,BE,Remoto,,Média,BEL
2021,Sênior,FT,Data Analytics Manager,140000,USD,140000,US,Remoto,,Grande,USA
2021,Pleno,FT,Machine Learning Engineer,180000,PLN,46597,PL,Remoto,,Grande,POL
2021,Pleno,FT,Data Scientist,85000,GBP,116914,GB,Híbrido,,Grande,GBR
2021,Pleno,FT,Data Scientist,2500000,INR,33808,IN,Presencial,,Média,IND
2021,Pleno,FT,Data Scientist,40900,GBP,56256,GB,Híbrido,,Grande,GBR
2021,Sênior,FT,Machine Learning Scientist,225000,USD,225000,US,Remoto,,Grande,USA
2021,Executivo,CT,Principal Data Scientist,416000,USD,416000,US,Remoto,,Pequena,USA
2021,Sênior,FT,Data Scientist,110000,CAD,87738,CA,Remoto,,Pequena,CAN
2021,Pleno,FT,Data Scientist,75000,EUR,88654,DE,Híbrido,,Grande,DEU
2021,Sênior,FT,Data Scientist,135000,USD,135000,US,Presencial,,Grande,USA
2021,Sênior,FT,Data Analyst,90000,CAD,71786,CA,Remoto,,Média,CAN
2021,Junior,FT,Big Data Engineer,1200000,INR,16228,IN,Remoto,,Grande,IND
2021,Sênior,FT,ML Engineer,256000,USD,256000,US,Remoto,,Pequena,USA
2021,Sênior,FT,Director of Data Engineering,200000,USD,200000,US,Remoto,,Grande,USA
2021,Sênior,FT,Data Analyst,200000,USD,200000,US,Remoto,,Grande,USA
2021,Pleno,FT,Data Architect,180000,USD,180000,US,Remoto,,Grande,USA
2021,Pleno,FT,Head of Data Science,110000,USD,110000,US,Presencial,,Pequena,USA
2021,Pleno,FT,Research Scientist,80000,CAD,63810,CA,Remoto,,Média,CAN
2021,Pleno,FT,Data Scientist,39600,EUR,46809,ES,Remoto,,Média,ESP
2021,Junior,FT,Data Scientist,4000,USD,4000,VN,Presencial,,Média,VNM
2021,Junior,FT,Data Engineer,1600000,INR,21637,IN,Híbrido,,Média,IND
2021,Sênior,FT,Data Scientist,130000,CAD,103691,CA,Remoto,,Grande,CAN
2021,Pleno,FT,Data Analyst,80000,USD,80000,US,Remoto,,Grande,USA
2021,Pleno,FT,Data Engineer,110000,USD,110000,US,Remoto,,Grande,USA
2021,Sênior,FT,Data Scientist,165000,USD,165000,US,Remoto,,Grande,USA
2021,Junior,FT,AI Scientist,1335000,INR,18053,IN,Remoto,,Pequena,IND
2021,Pleno,FT,Data Engineer,52500,GBP,72212,GB,Híbrido,,Grande,GBR
2021,Junior,FT,Data Scientist,31000,EUR,36643,FR,Híbrido,,Grande,FRA
2021,Pleno,FT,Data Engineer,108000,TRY,12103,TR,Presencial,,Média,TUR
2021,Sênior,FT,Data Engineer,70000,GBP,96282,GB,Híbrido,,Grande,GBR
2021,Sênior,FT,Principal Data Analyst,170000,USD,170000,US,Remoto,,Média,USA
2021,Pleno,FT,Data Scientist,115000,USD,115000,US,Híbrido,,Grande,USA
2021,Junior,FT,Data Scientist,90000,USD,90000,US,Remoto,,Pequena,USA
2021,Executivo,FT,Principal Data Engineer,600000,USD,600000,US,Remoto,,Grande,USA
2021,Junior,FT,Data Scientist,2100000,INR,28399,IN,Remoto,,Média,IND
2021,Pleno,FT,Data Analyst,93000,USD,93000,US,Remoto,,Grande,USA
2021,Sênior,FT,Big Data Architect,125000,CAD,99703,CA,Híbrido,,Média,CAN
2021,Pleno,FT,Data Engineer,200000,USD,200000,US,Remoto,,Grande,USA
2021,Sênior,FT,Principal Data Scientist,147000,EUR,173762,DE,Remoto,,Média,DEU
2021,Sênior,FT,Machine Learning Engineer,185000,USD,185000,US,Híbrido,,Grande,USA
2021,Executivo,FT,Director of Data Science,120000,EUR,141846,DE,Presencial,,Grande,DEU
2021,Pleno,FT,Data Scientist,130000,USD,130000,US,Híbrido,,Grande,USA
2021,Sênior,FT,Data Analyst,54000,EUR,63831,DE,Híbrido,,Grande,DEU
2021,Pleno,FT,Data Scientist,1250000,INR,16904,IN,Remoto,,Pequena,IND
2021,Sênior,FT,Machine Learning Engineer,4900000,INR,66265,IN,Presencial,,Grande,IND
2021,Pleno,FT,Data Scientist,21600,EUR,25532,RS,Remoto,,Pequena,SRB
2021,Sênior,FT,Lead Data Engineer,160000,USD,160000,PR,Híbrido,,Pequena,PRI
2021,Pleno,FT,Data Engineer,93150,USD,93150,US,Presencial,,Média,USA
2021,Pleno,FT,Data Engineer,111775,USD,111775,US,Presencial,,Média,USA
2021,Pleno,FT,Data Engineer,250000,TRY,28016,TR,Remoto,,Média,TUR
2021,Junior,FT,Data Engineer,55000,EUR,65013,DE,Híbrido,,Média,DEU
2021,Junior,FT,Data Engineer,72500,USD,72500,US,Remoto,,Grande,USA
2021,Sênior,FT,Computer Vision Engineer,102000,BRL,18907,BR,Presencial,,Média,BRA
2021,Junior,FT,Data Science Consultant,65000,EUR,76833,DE,Presencial,,Grande,DEU
2021,Junior,FT,Machine Learning Engineer,85000,USD,85000,NL,Remoto,,Pequena,NLD
2021,Sênior,FT,Data Scientist,65720,EUR,77684,FR,Híbrido,,Média,FRA
2021,Junior,FT,Data Scientist,100000,USD,100000,US,Remoto,,Média,USA
2021,Junior,FT,Data Scientist,58000,USD,58000,US,Híbrido,,Grande,USA
2021,Sênior,FT,AI Scientist,55000,USD,55000,ES,Remoto,,Grande,ESP
2021,Sênior,FT,Data Scientist,180000,TRY,20171,TR,Híbrido,,Grande,TUR
2021,Junior,FT,Business Data Analyst,50000,EUR,59102,LU,Remoto,,Grande,LUX
2021,Pleno,FT,Data Engineer,112000,USD,112000,US,Remoto,,Grande,USA
2021,Junior,FT,Research Scientist,100000,USD,100000,JE,Presencial,,Grande,JEY
2021,Pleno,PT,Data Engineer,59000,EUR,69741,NL,Remoto,,Grande,NLD
2021,Sênior,CT,Staff Data Scientist,105000,USD,105000,US,Remoto,,Média,USA
2021,Pleno,FT,Research Scientist,69999,USD,69999,CZ,Híbrido,,Grande,CZE
2021,Sênior,FT,Data Science Manager,7000000,INR,94665,IN,Híbrido,,Grande,IND
2021,Sênior,FT,Head of Data,87000,EUR,102839,SI,Remoto,,Grande,SVN
2021,Pleno,FT,Data Scientist,109000,USD,109000,US,Híbrido,,Grande,USA
2021,Pleno,FT,Machine Learning Engineer,43200,EUR,51064,IT,Híbrido,,Grande,ITA
2022,Sênior,FT,Data Engineer,135000,USD,135000,US,Remoto,,Média,USA
2022,Sênior,FT,Data Analyst,155000,USD,155000,US,Remoto,,Média,USA
2022,Sênior,FT,Data Analyst,120600,USD,120600,US,Remoto,,Média,USA
2022,Pleno,FT,Data Scientist,130000,USD,130000,US,Presencial,,Média,USA
2022,Pleno,FT,Data Scientist,90000,USD,90000,US,Presencial,,Média,USA
2022,Pleno,FT,Data Engineer,170000,USD,170000,US,Remoto,,Média,USA
2022,Pleno,FT,Data Engineer,150000,USD,150000,US,Remoto,,Média,USA
2022,Sênior,FT,Data Analyst,102100,USD,102100,US,Remoto,,Média,USA
2022,Sênior,FT,Data Analyst,84900,USD,84900,US,Remoto,,Média,USA
2022,Sênior,FT,Data Scientist,136620,USD,136620,US,Remoto,,Média,USA
2022,Sênior,FT,Data Scientist,99360,USD,99360,US,Remoto,,Média,USA
2022,Sênior,FT,Data Scientist,90000,GBP,117789,GB,Presencial,,Média,GBR
2022,Sênior,FT,Data Scientist,80000,GBP,104702,GB,Presencial,,Média,GBR
2022,Sênior,FT,Data Scientist,146000,USD,146000,US,Remoto,,Média,USA
2022,Sênior,FT,Data Scientist,123000,USD,123000,US,Remoto,,Média,USA
2022,Junior,FT,Data Engineer,40000,GBP,52351,GB,Remoto,,Média,GBR
2022,Sênior,FT,Data Analyst,99000,USD,99000,US,Presencial,,Média,USA
2022,Sênior,FT,Data Analyst,116000,USD,116000,US,Presencial,,Média,USA
2022,Pleno,FT,Data Analyst,106260,USD,106260,US,Presencial,,Média,USA
2022,Pleno,FT,Data Analyst,126500,USD,126500,US,Presencial,,Média,USA
2022,Executivo,FT,Data Engineer,242000,USD,242000,US,Remoto,,Média,USA
2022,Executivo,FT,Data Engineer,200000,USD,200000,US,Remoto,,Média,USA
2022,Pleno,FT,Data Scientist,50000,GBP,65438,GB,Presencial,,Média,GBR
2022,Pleno,FT,Data Scientist,30000,GBP,39263,GB,Presencial,,Média,GBR
2022,Pleno,FT,Data Engineer,60000,GBP,78526,GB,Presencial,,Média,GBR
2022,Pleno,FT,Data Engineer,40000,GBP,52351,GB,Presencial,,Média,GBR
2022,Sênior,FT,Data Scientist,165220,USD,165220,US,Remoto,,Média,USA
2022,Junior,FT,Data Engineer,35000,GBP,45807,GB,Remoto,,Média,GBR
2022,Sênior,FT,Data Scientist,120160,USD,120160,US,Remoto,,Média,USA
2022,Sênior,FT,Data Analyst,90320,USD,90320,US,Remoto,,Média,USA
2022,Sênior,FT,Data Engineer,181940,USD,181940,US,Presencial,,Média,USA
2022,Sênior,FT,Data Engineer,132320,USD,132320,US,Presencial,,Média,USA
2022,Sênior,FT,Data Engineer,220110,USD,220110,US,Presencial,,Média,USA
2022,Sênior,FT,Data Engineer,160080,USD,160080,US,Presencial,,Média,USA
2022,Sênior,FT,Data Scientist,180000,USD,180000,US,Presencial,,Grande,USA
2022,Sênior,FT,Data Scientist,120000,USD,120000,US,Presencial,,Grande,USA
2022,Sênior,FT,Data Analyst,124190,USD,124190,US,Remoto,,Média,USA
2022,Executivo,FT,Data Analyst,130000,USD,130000,US,Remoto,,Média,USA
2022,Executivo,FT,Data Analyst,110000,USD,110000,US,Remoto,,Média,USA
2022,Sênior,FT,Data Analyst,170000,USD,170000,US,Remoto,,Média,USA
2022,Pleno,FT,Data Analyst,115500,USD,115500,US,Remoto,,Média,USA
2022,Sênior,FT,Data Analyst,112900,USD,112900,US,Remoto,,Média,USA
2022,Sênior,FT,Data Analyst,90320,USD,90320,US,Remoto,,Média,USA
2022,Sênior,FT,Data Analyst,112900,USD,112900,US,Remoto,,Média,USA
2022,Sênior,FT,Data Analyst,90320,USD,90320,US,Remoto,,Média,USA
2022,Sênior,FT,Data Engineer,165400,USD,165400,US,Remoto,,Média,USA
2022,Sênior,FT,Data Engineer,132320,USD,132320,US,Remoto,,Média,USA
2022,Pleno,FT,Data Analyst,167000,USD,167000,US,Remoto,,Média,USA
2022,Sênior,FT,Data Engineer,243900,USD,243900,US,Remoto,,Média,USA
2022,Sênior,FT,Data Analyst,136600,USD,136600,US,Remoto,,Média,USA
2022,Sênior,FT,Data Analyst,109280,USD,109280,US,Remoto,,Média,USA
2022,Sênior,FT,Data Engineer,128875,USD,128875,US,Remoto,,Média,USA
2022,Sênior,FT,Data Engineer,93700,USD,93700,US,Remoto,,Média,USA
2022,Executivo,FT,Head of Data Science,224000,USD,224000,US,Remoto,,Média,USA
2022,Executivo,FT,Head of Data Science,167875,USD,167875,US,Remoto,,Média,USA
2022,Executivo,FT,Analytics Engineer,175000,USD,175000,US,Remoto,,Média,USA
2022,Sênior,FT,Data Engineer,156600,USD,156600,US,Remoto,,Média,USA
2022,Sênior,FT,Data Engineer,108800,USD,108800,US,Presencial,,Média,USA
2022,Sênior,FT,Data Scientist,95550,USD,95550,US,Presencial,,Média,USA
2022,Sênior,FT,Data Engineer,113000,USD,113000,US,Presencial,,Grande,USA
2022,Sênior,FT,Data Analyst,135000,USD,135000,US,Remoto,,Média,USA
2022,Sênior,FT,Data Science Manager,161342,USD,161342,US,Remoto,,Média,USA
2022,Sênior,FT,Data Science Manager,137141,USD,137141,US,Remoto,,Média,USA
2022,Sênior,FT,Data Scientist,167000,USD,167000,US,Remoto,,Média,USA
2022,Sênior,FT,Data Scientist,123000,USD,123000,US,Remoto,,Média,USA
2022,Sênior,FT,Data Engineer,60000,GBP,78526,GB,Presencial,,Média,GBR
2022,Sênior,FT,Data Engineer,50000,GBP,65438,GB,Presencial,,Média,GBR
2022,Sênior,FT,Data Scientist,150000,USD,150000,US,Presencial,,Média,USA
2022,Sênior,FT,Data Scientist,211500,USD,211500,US,Remoto,,Média,USA
2022,Sênior,FT,Data Architect,192400,USD,192400,CA,Remoto,,Média,CAN
2022,Sênior,FT,Data Architect,90700,USD,90700,CA,Remoto,,Média,CAN
2022,Sênior,FT,Data Analyst,130000,USD,130000,CA,Remoto,,Média,CAN
2022,Sênior,FT,Data Analyst,61300,USD,61300,CA,Remoto,,Média,CAN
2022,Sênior,FT,Data Analyst,130000,USD,130000,CA,Remoto,,Média,CAN
2022,Sênior,FT,Data Analyst,61300,USD,61300,CA,Remoto,,Média,CAN
2022,Sênior,FT,Data Engineer,160000,USD,160000,US,Presencial,,Grande,USA
2022,Sênior,FT,Data Scientist,138600,USD,138600,US,Remoto,,Média,USA
2022,Sênior,FT,Data Engineer,136000,USD,136000,US,Presencial,,Média,USA
2022,Pleno,FT,Data Analyst,58000,USD,58000,US,Presencial,,Pequena,USA
2022,Executivo,FT,Analytics Engineer,135000,USD,135000,US,Remoto,,Média,USA
2022,Sênior,FT,Data Scientist,170000,USD,170000,US,Remoto,,Média,USA
2022,Sênior,FT,Data Scientist,123000,USD,123000,US,Remoto,,Média,USA
2022,Sênior,FT,Machine Learning Engineer,189650,USD,189650,US,Presencial,,Média,USA
2022,Sênior,FT,Machine Learning Engineer,164996,USD,164996,US,Presencial,,Média,USA
2022,Pleno,FT,ETL Developer,50000,EUR,54957,GR,Presencial,,Média,GRC
2022,Pleno,FT,ETL Developer,50000,EUR,54957,GR,Presencial,,Média,GRC
2022,Executivo,FT,Lead Data Engineer,150000,CAD,118187,CA,Remoto,,Pequena,CAN
2022,Sênior,FT,Data Analyst,132000,USD,132000,US,Presencial,,Média,USA
2022,Sênior,FT,Data Engineer,165400,USD,165400,US,Remoto,,Média,USA
2022,Sênior,FT,Data Architect,208775,USD,208775,US,Remoto,,Média,USA
2022,Sênior,FT,Data Architect,147800,USD,147800,US,Remoto,,Média,USA
2022,Sênior,FT,Data Engineer,136994,USD,136994,US,Remoto,,Média,USA
2022,Sênior,FT,Data Engineer,101570,USD,101570,US,Remoto,,Média,USA
2022,Sênior,FT,Data Analyst,128875,USD,128875,US,Remoto,,Média,USA
2022,Sênior,FT,Data Analyst,93700,USD,93700,US,Remoto,,Média,USA
2022,Executivo,FT,Head of Machine Learning,6000000,INR,79039,IN,Híbrido,,Grande,IND
2022,Sênior,FT,Data Engineer,132320,USD,132320,US,Remoto,,Média,USA
2022,Junior,FT,Machine Learning Engineer,28500,GBP,37300,GB,Remoto,,Grande,GBR
2022,Sênior,FT,Data Analyst,164000,USD,164000,US,Presencial,,Média,USA
2022,Sênior,FT,Data Engineer,155000,USD,155000,US,Remoto,,Média,USA
2022,Pleno,FT,Machine Learning Engineer,95000,GBP,124333,GB,Presencial,,Média,GBR
2022,Pleno,FT,Machine Learning Engineer,75000,GBP,98158,GB,Presencial,,Média,GBR
2022,Pleno,FT,AI Scientist,120000,USD,120000,US,Presencial,,Média,USA
2022,Sênior,FT,Data Analyst,112900,USD,112900,US,Remoto,,Média,USA
2022,Sênior,FT,Data Analyst,90320,USD,90320,US,Remoto,,Média,USA
2022,Sênior,FT,Data Analytics Manager,145000,USD,145000,US,Remoto,,Média,USA
2022,Sênior,FT,Data Analytics Manager,105400,USD,105400,US,Remoto,,Média,USA
2022,Pleno,FT,Machine Learning Engineer,80000,EUR,87932,FR,Remoto,,Média,FRA
2022,Pleno,FT,Data Engineer,90000,GBP,117789,GB,Presencial,,Média,GBR
2022,Sênior,FT,Data Scientist,215300,USD,215300,US,Remoto,,Grande,USA
2022,Sênior,FT,Data Scientist,158200,USD,158200,US,Remoto,,Grande,USA
2022,Sênior,FT,Data Engineer,209100,USD,209100,US,Remoto,,Grande,USA
2022,Sênior,FT,Data Engineer,154600,USD,154600,US,Remoto,,Grande,USA
2022,Sênior,FT,Data Analyst,115934,USD,115934,US,Presencial,,Média,USA
2022,Sênior,FT,Data Analyst,81666,USD,81666,US,Presencial,,Média,USA
2022,Sênior,FT,Data Engineer,175000,USD,175000,US,Remoto,,Média,USA
2022,Pleno,FT,Data Engineer,75000,GBP,98158,GB,Presencial,,Média,GBR
2022,Pleno,FT,Data Analyst,58000,USD,58000,US,Presencial,,Pequena,USA
2022,Sênior,FT,Data Engineer,183600,USD,183600,US,Remoto,,Grande,USA
2022,Pleno,FT,Data Analyst,40000,GBP,52351,GB,Remoto,,Média,GBR
2022,Sênior,FT,Data Scientist,180000,USD,180000,US,Remoto,,Média,USA
2022,Pleno,FT,Data Scientist,55000,GBP,71982,GB,Presencial,,Média,GBR
2022,Pleno,FT,Data Scientist,35000,GBP,45807,GB,Presencial,,Média,GBR
2022,Pleno,FT,Data Engineer,60000,EUR,65949,GR,Remoto,,Média,GRC
2022,Pleno,FT,Data Engineer,45000,EUR,49461,GR,Remoto,,Média,GRC
2022,Pleno,FT,Data Engineer,60000,GBP,78526,GB,Remoto,,Média,GBR
2022,Pleno,FT,Data Engineer,45000,GBP,58894,GB,Remoto,,Média,GBR
2022,Sênior,FT,Data Scientist,260000,USD,260000,US,Remoto,,Média,USA
2022,Sênior,FT,Data Science Engineer,60000,USD,60000,AR,Remoto,,Grande,ARG
2022,Pleno,FT,Data Engineer,63900,USD,63900,US,Presencial,,Média,USA
2022,Pleno,FT,Machine Learning Scientist,160000,USD,160000,US,Remoto,,Grande,USA
2022,Pleno,FT,Machine Learning Scientist,112300,USD,112300,US,Remoto,,Grande,USA
2022,Pleno,FT,Data Science Manager,241000,USD,241000,US,Remoto,,Média,USA
2022,Pleno,FT,Data Science Manager,159000,USD,159000,US,Remoto,,Média,USA
2022,Sênior,FT,Data Scientist,180000,USD,180000,US,Presencial,,Média,USA
2022,Sênior,FT,Data Scientist,80000,USD,80000,US,Presencial,,Média,USA
2022,Pleno,FT,Data Engineer,82900,USD,82900,US,Presencial,,Média,USA
2022,Sênior,FT,Data Engineer,100800,USD,100800,US,Remoto,,Grande,USA
2022,Pleno,FT,Data Engineer,45000,EUR,49461,ES,Remoto,,Média,ESP
2022,Sênior,FT,Data Scientist,140400,USD,140400,US,Presencial,,Grande,USA
2022,Pleno,FT,Data Analyst,30000,GBP,39263,GB,Remoto,,Média,GBR
2022,Pleno,FT,Data Analyst,40000,EUR,43966,ES,Remoto,,Média,ESP
2022,Pleno,FT,Data Analyst,30000,EUR,32974,ES,Remoto,,Média,ESP
2022,Pleno,FT,Data Engineer,80000,EUR,87932,ES,Remoto,,Média,ESP
2022,Pleno,FT,Data Engineer,70000,EUR,76940,ES,Remoto,,Média,ESP
2022,Pleno,FT,Data Engineer,80000,GBP,104702,GB,Remoto,,Média,GBR
2022,Pleno,FT,Data Engineer,70000,GBP,91614,GB,Remoto,,Média,GBR
2022,Pleno,FT,Data Engineer,60000,EUR,65949,ES,Remoto,,Média,ESP
2022,Pleno,FT,Data Engineer,80000,EUR,87932,GR,Remoto,,Média,GRC
2022,Sênior,FT,Machine Learning Engineer,189650,USD,189650,US,Presencial,,Média,USA
2022,Sênior,FT,Machine Learning Engineer,164996,USD,164996,US,Presencial,,Média,USA
2022,Pleno,FT,Data Analyst,40000,EUR,43966,GR,Remoto,,Média,GRC
2022,Pleno,FT,Data Analyst,30000,EUR,32974,GR,Remoto,,Média,GRC
2022,Pleno,FT,Data Engineer,75000,GBP,98158,GB,Remoto,,Média,GBR
2022,Pleno,FT,Data Engineer,60000,GBP,78526,GB,Remoto,,Média,GBR
2022,Sênior,FT,Data Scientist,215300,USD,215300,US,Presencial,,Grande,USA
2022,Pleno,FT,Data Engineer,70000,EUR,76940,GR,Remoto,,Média,GRC
2022,Sênior,FT,Data Engineer,209100,USD,209100,US,Remoto,,Grande,USA
2022,Sênior,FT,Data Engineer,154600,USD,154600,US,Remoto,,Grande,USA
2022,Sênior,FT,Data Engineer,180000,USD,180000,US,Remoto,,Média,USA
2022,Junior,FT,ML Engineer,20000,EUR,21983,PT,Remoto,,Grande,PRT
2022,Sênior,FT,Data Engineer,80000,USD,80000,US,Remoto,,Média,USA
2022,Pleno,FT,Machine Learning Developer,100000,CAD,78791,CA,Remoto,,Média,CAN
2022,Executivo,FT,Director of Data Science,250000,CAD,196979,CA,Híbrido,,Grande,CAN
2022,Pleno,FT,Machine Learning Engineer,120000,USD,120000,US,Remoto,,Pequena,USA
2022,Junior,FT,Computer Vision Engineer,125000,USD,125000,US,Presencial,,Média,USA
2022,Pleno,FT,NLP Engineer,240000,CNY,37236,US,Híbrido,,Grande,USA
2022,Sênior,FT,Data Engineer,105000,USD,105000,US,Remoto,,Média,USA
2022,Sênior,FT,Lead Machine Learning Engineer,80000,EUR,87932,DE,Presencial,,Média,DEU
2022,Pleno,FT,Business Data Analyst,1400000,INR,18442,IN,Remoto,,Média,IND
2022,Pleno,FT,Data Scientist,2400000,INR,31615,IN,Remoto,,Grande,IND
2022,Pleno,FT,Machine Learning Infrastructure Engineer,53000,EUR,58255,PT,Híbrido,,Grande,PRT
2022,Junior,FT,Financial Data Analyst,100000,USD,100000,US,Híbrido,,Grande,USA
2022,Pleno,PT,Data Engineer,50000,EUR,54957,DE,Híbrido,,Grande,DEU
2022,Junior,FT,Data Scientist,1400000,INR,18442,IN,Remoto,,Média,IND
2022,Sênior,FT,Principal Data Scientist,148000,EUR,162674,DE,Remoto,,Média,DEU
2022,Junior,FT,Data Engineer,120000,USD,120000,US,Remoto,,Média,USA
2022,Sênior,FT,Research Scientist,144000,USD,144000,US,Híbrido,,Grande,USA
2022,Sênior,FT,Data Scientist,104890,USD,104890,US,Remoto,,Média,USA
2022,Sênior,FT,Data Engineer,100000,USD,100000,US,Remoto,,Média,USA
2022,Sênior,FT,Data Scientist,140000,USD,140000,US,Remoto,,Média,USA
2022,Pleno,FT,Data Analyst,135000,USD,135000,US,Remoto,,Média,USA
2022,Pleno,FT,Data Analyst,50000,USD,50000,US,Remoto,,Média,USA
2022,Sênior,FT,Data Scientist,220000,USD,220000,US,Remoto,,Média,USA
2022,Sênior,FT,Data Scientist,140000,USD,140000,US,Remoto,,Média,USA
2022,Pleno,FT,Data Scientist,140000,GBP,183228,GB,Presencial,,Média,GBR
2022,Pleno,FT,Data Scientist,70000,GBP,91614,GB,Presencial,,Média,GBR
2022,Sênior,FT,Data Scientist,185100,USD,185100,US,Remoto,,Média,USA
2022,Sênior,FT,Machine Learning Engineer,220000,USD,220000,US,Remoto,,Média,USA
2022,Pleno,FT,Data Scientist,200000,USD,200000,US,Remoto,,Média,USA
2022,Pleno,FT,Data Scientist,120000,USD,120000,US,Remoto,,Média,USA
2022,Sênior,FT,Machine Learning Engineer,120000,USD,120000,AE,Remoto,,Pequena,ARE
2022,Sênior,FT,Machine Learning Engineer,65000,USD,65000,AE,Remoto,,Pequena,ARE
2022,Executivo,FT,Data Engineer,324000,USD,324000,US,Remoto,,Média,USA
2022,Executivo,FT,Data Engineer,216000,USD,216000,US,Remoto,,Média,USA
2022,Sênior,FT,Data Engineer,210000,USD,210000,US,Remoto,,Média,USA
2022,Sênior,FT,Machine Learning Engineer,120000,USD,120000,US,Remoto,,Média,USA
2022,Sênior,FT,Data Scientist,230000,USD,230000,US,Remoto,,Média,USA
2022,Junior,PT,Data Scientist,100000,USD,100000,DZ,Híbrido,,Média,DZA
2022,Pleno,FL,Data Scientist,100000,USD,100000,CA,Remoto,,Média,CAN
2022,Junior,CT,Applied Machine Learning Scientist,29000,EUR,31875,TN,Remoto,,Média,TUN
2022,Sênior,FT,Head of Data,200000,USD,200000,MY,Remoto,,Média,MYS
2022,Pleno,FT,Principal Data Analyst,75000,USD,75000,CA,Remoto,,Pequena,CAN
2022,Pleno,FT,Data Scientist,150000,PLN,35590,PL,Remoto,,Grande,POL
2022,Sênior,FT,Machine Learning Developer,100000,CAD,78791,CA,Remoto,,Média,CAN
2022,Sênior,FT,Data Scientist,100000,USD,100000,BR,Remoto,,Média,BRA
2022,Pleno,FT,Machine Learning Scientist,153000,USD,153000,US,Híbrido,,Média,USA
2022,Junior,FT,Data Engineer,52800,EUR,58035,PK,Remoto,,Média,PAK
2022,Sênior,FT,Data Scientist,165000,USD,165000,US,Remoto,,Média,USA
2022,Sênior,FT,Research Scientist,85000,EUR,93427,FR,Híbrido,,Grande,FRA
2022,Junior,FT,Data Scientist,66500,CAD,52396,CA,Remoto,,Grande,CAN
2022,Sênior,FT,Machine Learning Engineer,57000,EUR,62651,NL,Remoto,,Grande,NLD
2022,Pleno,FT,Head of Data,30000,EUR,32974,EE,Remoto,,Pequena,EST
2022,Junior,FT,Data Scientist,40000,USD,40000,JP,Remoto,,Grande,JPN
2022,Pleno,FT,Machine Learning Engineer,121000,AUD,87425,AU,Remoto,,Grande,AUS
2022,Sênior,FT,Data Engineer,115000,USD,115000,US,Remoto,,Média,USA
2022,Junior,FT,Data Scientist,120000,AUD,86703,AU,Híbrido,,Média,AUS
2022,Pleno,FT,Applied Machine Learning Scientist,75000,USD,75000,BO,Remoto,,Grande,BOL
2022,Pleno,FT,Research Scientist,59000,EUR,64849,AT,Presencial,,Grande,AUT
2022,Junior,FT,Research Scientist,120000,USD,120000,US,Remoto,,Grande,USA
2022,Pleno,FT,Applied Data Scientist,157000,USD,157000,US,Remoto,,Grande,USA
2022,Junior,FT,Computer Vision Software Engineer,150000,USD,150000,AU,Remoto,,Pequena,AUS
2022,Pleno,FT,Business Data Analyst,90000,CAD,70912,CA,Híbrido,,Grande,CAN
2022,Junior,FT,Data Engineer,65000,USD,65000,US,Remoto,,Pequena,USA
2022,Sênior,FT,Machine Learning Engineer,65000,EUR,71444,IE,Remoto,,Pequena,IRL
2022,Junior,FT,Data Analytics Engineer,20000,USD,20000,PK,Presencial,,Média,PAK
2022,Pleno,FT,Data Scientist,48000,USD,48000,RU,Remoto,,Pequena,RUS
2022,Sênior,FT,Data Science Manager,152500,USD,152500,US,Remoto,,Média,USA
2022,Pleno,FT,Data Engineer,62000,EUR,68147,FR,Remoto,,Média,FRA
2022,Pleno,FT,Data Scientist,115000,CHF,122346,CH,Presencial,,Grande,CHE
2022,Sênior,FT,Applied Data Scientist,380000,USD,380000,US,Remoto,,Grande,USA
2022,Pleno,FT,Data Scientist,88000,CAD,69336,CA,Remoto,,Média,CAN
2022,Junior,FT,Computer Vision Engineer,10000,USD,10000,PT,Remoto,,Média,PRT
2022,Pleno,FT,Data Analyst,20000,USD,20000,GR,Remoto,,Pequena,GRC
2022,Sênior,FT,Data Analytics Lead,405000,USD,405000,US,Remoto,,Grande,USA
2022,Pleno,FT,Data Scientist,135000,USD,135000,US,Remoto,,Grande,USA
2022,Sênior,FT,Applied Data Scientist,177000,USD,177000,US,Remoto,,Grande,USA
2022,Pleno,FT,Data Scientist,78000,USD,78000,US,Remoto,,Média,USA
2022,Sênior,FT,Data Analyst,135000,USD,135000,US,Remoto,,Média,USA
2022,Sênior,FT,Data Analyst,100000,USD,100000,US,Remoto,,Média,USA
2022,Sênior,FT,Data Analyst,90320,USD,90320,US,Remoto,,Média,USA
2022,Pleno,FT,Data Analyst,85000,USD,85000,CA,Presencial,,Média,CAN
2022,Pleno,FT,Data Analyst,75000,USD,75000,CA,Presencial,,Média,CAN
2022,Sênior,FT,Machine Learning Engineer,214000,USD,214000,US,Remoto,,Média,USA
2022,Sênior,FT,Machine Learning Engineer,192600,USD,192600,US,Remoto,,Média,USA
2022,Sênior,FT,Data Architect,266400,USD,266400,US,Remoto,,Média,USA
2022,Sênior,FT,Data Architect,213120,USD,213120,US,Remoto,,Média,USA
2022,Sênior,FT,Data Analyst,112900,USD,112900,US,Remoto,,Média,USA
2022,Sênior,FT,Data Engineer,155000,USD,155000,US,Remoto,,Média,USA
2022,Pleno,FT,Data Scientist,141300,USD,141300,US,Presencial,,Média,USA
2022,Pleno,FT,Data Scientist,102100,USD,102100,US,Presencial,,Média,USA
2022,Sênior,FT,Data Analyst,115934,USD,115934,US,Remoto,,Média,USA
2022,Sênior,FT,Data Analyst,81666,USD,81666,US,Remoto,,Média,USA
2022,Pleno,FT,Data Engineer,206699,USD,206699,US,Presencial,,Média,USA
2022,Pleno,FT,Data Engineer,99100,USD,99100,US,Presencial,,Média,USA
2022,Sênior,FT,Data Engineer,130000,USD,130000,US,Remoto,,Média,USA
2022,Sênior,FT,Data Engineer,115000,USD,115000,US,Remoto,,Média,USA
2022,Sênior,FT,Data Engineer,110500,USD,110500,US,Remoto,,Média,USA
2022,Sênior,FT,Data Engineer,130000,USD,130000,US,Remoto,,Média,USA
2022,Sênior,FT,Data Analyst,99050,USD,99050,US,Remoto,,Média,USA
2022,Sênior,FT,Data Engineer,160000,USD,160000,US,Remoto,,Média,USA
2022,Sênior,FT,Data Scientist,205300,USD,205300,US,Presencial,,Grande,USA
2022,Sênior,FT,Data Scientist,140400,USD,140400,US,Presencial,,Grande,USA
2022,Sênior,FT,Data Scientist,176000,USD,176000,US,Remoto,,Média,USA
2022,Sênior,FT,Data Scientist,144000,USD,144000,US,Remoto,,Média,USA
2022,Sênior,FT,Data Engineer,200100,USD,200100,US,Remoto,,Média,USA
2022,Sênior,FT,Data Engineer,160000,USD,160000,US,Remoto,,Média,USA
2022,Sênior,FT,Data Engineer,145000,USD,145000,US,Remoto,,Média,USA
2022,Sênior,FT,Data Engineer,70500,USD,70500,US,Presencial,,Média,USA
2022,Sênior,FT,Data Scientist,205300,USD,205300,US,Presencial,,Média,USA
2022,Sênior,FT,Data Scientist,140400,USD,140400,US,Presencial,,Média,USA
2022,Sênior,FT,Analytics Engineer,205300,USD,205300,US,Presencial,,Média,USA
2022,Sênior,FT,Analytics Engineer,184700,USD,184700,US,Presencial,,Média,USA
2022,Sênior,FT,Data Engineer,175100,USD,175100,US,Remoto,,Média,USA
2022,Sênior,FT,Data Engineer,140250,USD,140250,US,Remoto,,Média,USA
2022,Sênior,FT,Data Analyst,116150,USD,116150,US,Remoto,,Média,USA
2022,Sênior,FT,Data Engineer,54000,USD,54000,US,Presencial,,Média,USA
2022,Sênior,FT,Data Analyst,170000,USD,170000,US,Remoto,,Média,USA
2022,Pleno,FT,Data Analyst,50000,GBP,65438,GB,Presencial,,Média,GBR
2022,Sênior,FT,Data Analyst,80000,USD,80000,US,Remoto,,Média,USA
2022,Sênior,FT,Data Scientist,140000,USD,140000,US,Remoto,,Média,USA
2022,Sênior,FT,Data Scientist,210000,USD,210000,US,Remoto,,Média,USA
2022,Sênior,FT,Data Scientist,140000,USD,140000,US,Remoto,,Média,USA
2022,Sênior,FT,Data Analyst,100000,USD,100000,US,Remoto,,Média,USA
2022,Sênior,FT,Data Analyst,69000,USD,69000,US,Remoto,,Média,USA
2022,Sênior,FT,Data Scientist,210000,USD,210000,US,Remoto,,Média,USA
2022,Sênior,FT,Data Scientist,140000,USD,140000,US,Remoto,,Média,USA
2022,Sênior,FT,Data Scientist,210000,USD,210000,US,Remoto,,Média,USA
2022,Sênior,FT,Data Analyst,150075,USD,150075,US,Remoto,,Média,USA
2022,Sênior,FT,Data Engineer,100000,USD,100000,US,Remoto,,Média,USA
2022,Sênior,FT,Data Engineer,25000,USD,25000,US,Remoto,,Média,USA
2022,Sênior,FT,Data Analyst,126500,USD,126500,US,Remoto,,Média,USA
2022,Sênior,FT,Data Analyst,106260,USD,106260,US,Remoto,,Média,USA
2022,Sênior,FT,Data Engineer,220110,USD,220110,US,Remoto,,Média,USA
2022,Sênior,FT,Data Engineer,160080,USD,160080,US,Remoto,,Média,USA
2022,Sênior,FT,Data Analyst,105000,USD,105000,US,Remoto,,Média,USA
2022,Sênior,FT,Data Analyst,110925,USD,110925,US,Remoto,,Média,USA
2022,Pleno,FT,Data Analyst,35000,GBP,45807,GB,Presencial,,Média,GBR
2022,Sênior,FT,Data Scientist,140000,USD,140000,US,Remoto,,Média,USA
2022,Sênior,FT,Data Analyst,99000,USD,99000,US,Presencial,,Média,USA
2022,Sênior,FT,Data Analyst,60000,USD,60000,US,Remoto,,Média,USA
2022,Sênior,FT,Data Architect,192564,USD,192564,US,Remoto,,Média,USA
2022,Sênior,FT,Data Architect,144854,USD,144854,US,Remoto,,Média,USA
2022,Sênior,FT,Data Scientist,230000,USD,230000,US,Remoto,,Média,USA
2022,Sênior,FT,Data Scientist,150000,USD,150000,US,Remoto,,Média,USA
2022,Sênior,FT,Data Analytics Manager,150260,USD,150260,US,Remoto,,Média,USA
2022,Sênior,FT,Data Analytics Manager,109280,USD,109280,US,Remoto,,Média,USA
2022,Sênior,FT,Data Scientist,210000,USD,210000,US,Remoto,,Média,USA
2022,Sênior,FT,Data Analyst,170000,USD,170000,US,Remoto,,Média,USA
2022,Pleno,FT,Data Scientist,160000,USD,160000,US,Remoto,,Média,USA
2022,Pleno,FT,Data Scientist,130000,USD,130000,US,Remoto,,Média,USA
2022,Junior,FT,Data Analyst,67000,USD,67000,CA,Presencial,,Média,CAN
2022,Junior,FT,Data Analyst,52000,USD,52000,CA,Presencial,,Média,CAN
2022,Sênior,FT,Data Engineer,154000,USD,154000,US,Remoto,,Média,USA
2022,Sênior,FT,Data Engineer,126000,USD,126000,US,Remoto,,Média,USA
2022,Sênior,FT,Data Analyst,129000,USD,129000,US,Presencial,,Média,USA
2022,Sênior,FT,Data Analyst,150000,USD,150000,US,Remoto,,Média,USA
2022,Pleno,FT,AI Scientist,200000,USD,200000,IN,Remoto,,Grande,IND
